fdc_id	tr	en	category	aliases_tr	aliases_en	expected_description
168412	Hindiba (endivyen, çiğ)	Endive (raw)	vegetables			Endive, raw
168564	Radicchio (çiğ)	Radicchio (raw)	vegetables			Radicchio, raw
169236	Yer elması (çiğ)	Jerusalem artichoke (raw)	vegetables			Jerusalem-artichokes, raw
170061	Şalgam yaprakları (çiğ)	Turnip greens (raw)	vegetables			Turnip greens, raw
170068	Su teresi (çiğ)	Watercress (raw)	vegetables			Watercress, raw
169722	Buğday kepeği	Wheat bran (crude)	grains			Wheat bran, crude
170172	Hindistan cevizi sütü (çiğ)	Coconut milk (raw)	dairy-alternatives			Nuts, coconut milk, raw (liquid expressed from grated meat and water)
170173	Hindistan cevizi sütü (konserve)	Coconut milk (canned)	dairy-alternatives			Nuts, coconut milk, canned (liquid expressed from grated meat and water)
170277	Agave şurubu	Agave syrup	syrups			Sweetener, syrup, agave
170458	Tuz eklenmiş konserve domates suyu	Tomato juice (canned, with salt added)	juices			Tomato juice, canned, with salt added
171423	Haşhaş yağı	Poppyseed oil	oils			Oil, poppyseed
