"stable_id","canonical_key","existing_turkish","existing_english","categories","source_ids","source_versions","external_ids","references","linguistic_concern","proposed_turkish","confidence","confidence_reason","human_review_required","human_approved","decision"
"7aab626c-bbd4-860f-9806-f885e1d66ab7","usda-sr-171329","Paprika","Paprika (spice)","spices","usda-sr-legacy; recipeatlas-curation","2018-04-selection-3; production-2","171329; usda-sr-171329","https://fdc.nal.usda.gov/download-datasets/; https://github.com/fatihemres/personal-recipe-library","Paprika sweetness is unspecified upstream; unsupported sweet alias removed. Review preferred Turkish culinary label.","Paprika","moderate","Pinned source supports the English identity/form. Independent Turkish culinary terminology approval is absent.","true","false","retain-pending-human-review"
"22a06995-d774-884d-b453-6d54309b5a72","usda-sr-170927","Öğütülmüş muskat çiçeği","Mace (ground)","spices","usda-sr-legacy; recipeatlas-curation","2018-04-selection-3; production-2","170927; usda-sr-170927","https://fdc.nal.usda.gov/download-datasets/; https://github.com/fatihemres/personal-recipe-library","Mace is nutmeg aril, not a flower. Review conventional muskat çiçeği versus botanically precise label.","Öğütülmüş muskat çiçeği","moderate","Pinned source supports the English identity/form. Independent Turkish culinary terminology approval is absent.","true","false","retain-pending-human-review"
"a8077faa-b502-8eb0-8313-fd23b6c019ad","usda-sr-170936","Öğütülmüş sater otu","Savory (ground)","herbs","usda-sr-legacy; recipeatlas-curation","2018-04-selection-3; production-2","170936; usda-sr-170936","https://fdc.nal.usda.gov/download-datasets/; https://github.com/fatihemres/personal-recipe-library","Savory/sater regional Turkish terminology needs culinary expert review; do not equate with generic kekik.","Öğütülmüş sater otu","moderate","Pinned source supports the English identity/form. Independent Turkish culinary terminology approval is absent.","true","false","retain-pending-human-review"
"8f3055ee-2f8e-8300-87a4-2755af76b4e6","usda-sr-170918","Karaman kimyonu tohumu","Caraway seed","spices","usda-sr-legacy; recipeatlas-curation","2018-04-selection-3; production-2","170918; usda-sr-170918","https://fdc.nal.usda.gov/download-datasets/; https://github.com/fatihemres/personal-recipe-library","Caraway versus cumin: confirm Karaman/Frenk kimyonu regional usage; keep identities distinct.","Karaman kimyonu tohumu","moderate","Pinned source supports the English identity/form. Independent Turkish culinary terminology approval is absent.","true","false","retain-pending-human-review"
"b0cdfaf8-80c9-83f5-b4fe-f6006b0d4ef9","usda-sr-171318","Kuru Frenk maydanozu","Chervil (dried)","herbs","usda-sr-legacy; recipeatlas-curation","2018-04-selection-3; production-2","171318; usda-sr-171318","https://fdc.nal.usda.gov/download-datasets/; https://github.com/fatihemres/personal-recipe-library","Chervil/Frenk maydanozu terminology should be independently reviewed.","Kuru Frenk maydanozu","moderate","Pinned source supports the English identity/form. Independent Turkish culinary terminology approval is absent.","true","false","retain-pending-human-review"
"446d792c-63a5-8a10-a88f-462829cf9a9b","usda-sr-171319","Chili tozu","Chili powder","spices","usda-sr-legacy; recipeatlas-curation","2018-04-selection-3; production-2","171319; usda-sr-171319","https://fdc.nal.usda.gov/download-datasets/; https://github.com/fatihemres/personal-recipe-library","Chili powder composition is not given by source; no blend/sweetness assumption.","Chili tozu","moderate","Pinned source supports the English identity/form. Independent Turkish culinary terminology approval is absent.","true","false","retain-pending-human-review"
"3d663734-ceaf-8fcf-945f-74298021320a","usda-sr-168921","Tam taneli mavi mısır unu","Whole-grain blue corn flour","baking; flours","usda-sr-legacy; recipeatlas-curation","2018-04-selection-3; production-2","168921; usda-sr-168921","https://fdc.nal.usda.gov/download-datasets/; https://github.com/fatihemres/personal-recipe-library","Blue corn versus Spanish harina de maiz morado wording: colour terminology needs expert review.","Tam taneli mavi mısır unu","moderate","Pinned source supports the English identity/form. Independent Turkish culinary terminology approval is absent.","true","false","retain-pending-human-review"
"6d96fb7b-4669-8b54-ad19-b006e3fb2873","usda-sr-168588","Tuz eklenmemiş sade badem ezmesi","Almond butter (plain, no salt added)","nuts-seeds","usda-sr-legacy; recipeatlas-curation","2018-04-selection-3; production-2","168588; usda-sr-168588","https://fdc.nal.usda.gov/download-datasets/; https://github.com/fatihemres/personal-recipe-library","Almond butter is different from baking almond paste; broad badem ezmesi alias removed.","Tuz eklenmemiş sade badem ezmesi","moderate","Pinned source supports the English identity/form. Independent Turkish culinary terminology approval is absent.","true","false","retain-pending-human-review"
"e3bbe6ae-35a3-8c22-b8e5-28eafb773857","usda-sr-170160","Badem ezmesi (pastacılık)","Almond paste","baking","usda-sr-legacy; recipeatlas-curation","2018-04-selection-3; production-2","170160; usda-sr-170160","https://fdc.nal.usda.gov/download-datasets/; https://github.com/fatihemres/personal-recipe-library","Almond paste is qualified for baking, distinct from nut butter and marzipan.","Badem ezmesi (pastacılık)","moderate","Pinned source supports the English identity/form. Independent Turkish culinary terminology approval is absent.","true","false","retain-pending-human-review"
"b833e71e-a5f7-80c2-941c-150e27d88360","usda-sr-170874","Fermente az yağlı buttermilk","Cultured lowfat buttermilk","dairy","usda-sr-legacy; recipeatlas-curation","2018-04-selection-3; production-2","170874; usda-sr-170874","https://fdc.nal.usda.gov/download-datasets/; https://github.com/fatihemres/personal-recipe-library","Buttermilk is not ayran; review natural Turkish naming without conflating products.","Fermente az yağlı buttermilk","moderate","Pinned source supports the English identity/form. Independent Turkish culinary terminology approval is absent.","true","false","retain-pending-human-review"
"9dff1fab-6bbb-8f25-ae87-5fe7c9f3630f","usda-sr-170903","Sade az yağlı Yunan tipi yoğurt","Plain lowfat Greek yogurt","dairy","usda-sr-legacy; recipeatlas-curation","2018-04-selection-3; production-2","170903; usda-sr-170903","https://fdc.nal.usda.gov/download-datasets/; https://github.com/fatihemres/personal-recipe-library","Greek yogurt should not automatically alias Turkish süzme yoğurt; retain qualified type.","Sade az yağlı Yunan tipi yoğurt","moderate","Pinned source supports the English identity/form. Independent Turkish culinary terminology approval is absent.","true","false","retain-pending-human-review"
"c59ef2a6-0440-8d75-adf7-38a2b8dfa36c","usda-sr-175142","Levrek (karışık türler, çiğ)","Sea bass (mixed species, raw)","seafood","usda-sr-legacy; recipeatlas-curation","2018-04-selection-3; production-2","175142; usda-sr-175142","https://fdc.nal.usda.gov/download-datasets/; https://github.com/fatihemres/personal-recipe-library","Mixed-species sea bass is not necessarily European levrek; preserve qualifier.","Levrek (karışık türler, çiğ)","moderate","Pinned source supports the English identity/form. Independent Turkish culinary terminology approval is absent.","true","false","retain-pending-human-review"
"b824153c-c098-8309-ac77-8538c4fb3c4c","usda-sr-174842","Soda (club soda)","Club soda","mixers","usda-sr-legacy; recipeatlas-curation","2018-04-selection-3; production-2","174842; usda-sr-174842","https://fdc.nal.usda.gov/download-datasets/; https://github.com/fatihemres/personal-recipe-library","Club soda is distinct from mineral water; qualified Turkish soda label retained.","Soda (club soda)","moderate","Pinned source supports the English identity/form. Independent Turkish culinary terminology approval is absent.","true","false","retain-pending-human-review"
"ee71c0f4-6d4f-858c-8ae0-32ccb416ea9e","project-siyez-grain","Siyez buğdayı","Siyez einkorn wheat","grains; turkish-regional","recipeatlas-curation","production-2","project-siyez-grain","https://kastamonu.tarimorman.gov.tr/Sayfalar/GormeEngellilerDetay.aspx?Liste=Haber&OgeId=1062","Siyez/einkorn English terminology for regional identity should be reviewed; no cultivar/nutrition inferred.","Siyez buğdayı","moderate","Pinned source supports the English identity/form. Independent Turkish culinary terminology approval is absent.","true","false","retain-pending-human-review"
"bcaf4267-68f2-8f67-9696-d21f27f9d9c6","project-salep-drink","Salep (hazırlanmış içecek)","Salep drink","other-beverages; traditional-drinks; turkish-regional","recipeatlas-curation","production-2","project-salep-drink","https://kulturportali.gov.tr/portal/geleneksel-lezzetler--icecekler","Prepared salep drink stays distinct from salep powder; composition and alcohol status unknown.","Salep (hazırlanmış içecek)","moderate","Pinned source supports the English identity/form. Independent Turkish culinary terminology approval is absent.","true","false","retain-pending-human-review"
"6eb622f7-6113-82c9-af8d-0051545f6cf0","project-aromatic-bitters","Aromatik kokteyl bitteri","Aromatic cocktail bitters","bitters","recipeatlas-curation","production-2","project-aromatic-bitters","https://iba-world.com/iba-cocktail/brandy-crusta/","Cocktail bitters are distinct from bitter aperitif spirits; no brand or ABV assigned.","Aromatik kokteyl bitteri","moderate","Pinned source supports the English identity/form. Independent Turkish culinary terminology approval is absent.","true","false","retain-pending-human-review"
"7f097cfd-f9b6-882b-b1e1-d623bb59a918","project-creme-de-cassis","Crème de cassis","Crème de cassis","liqueurs","recipeatlas-curation","production-2","project-creme-de-cassis","https://eur-lex.europa.eu/legal-content/EN/TXT/PDF/?from=EN&uri=CELEX:32019R0787","Blackcurrant-specific synonym narrowed to siyah frenk üzümü likörü; review Turkish terminology.","Crème de cassis","moderate","Pinned source supports the English identity/form. Independent Turkish culinary terminology approval is absent.","true","false","retain-pending-human-review"
"9b96f8d8-3d19-8c85-8573-666cbff189a1","usda-sr-168412","Hindiba (endivyen, çiğ)","Endive (raw)","vegetables","usda-sr-legacy; recipeatlas-curation","2018-04-selection-4; production-3","168412; usda-sr-168412","https://fdc.nal.usda.gov/download-datasets/; https://github.com/fatihemres/personal-recipe-library","Endive/hindiba/endivyen terminology can refer to different chicory forms regionally. USDA confirms generic raw endive, not a specific cultivar; verify natural Turkish usage without silently equating Belgian endive or radicchio.","Hindiba (endivyen, çiğ)","low","Source identity is pinned, but the preferred Turkish culinary term/form is not independently linguistically verified.","true","false","retain-pending-human-review"
